County,test,legendfront,legendback,legendtext,second-ref,ledgerstyle,cost,mi,per-income,inc-100,4year,saveperiod,save,saveinterest
New Jersey Institute of Technology,NJIT,green,purple,Public average,NJIT,2019,17684,80088,0,22,70736,n/a,n/a,202.56
New Jersey Institute of Technology,NJIT,green,purple,Public average,NJIT,2020,18507,81690,0,23,74028,12,342.7222222,211.99
New Jersey Institute of Technology,NJIT,green,purple,Public average,NJIT,2021,19368,83324,0,23,77472,24,358.6666667,221.85
New Jersey Institute of Technology,NJIT,green,purple,Public average,NJIT,2022,20268,84990,0,24,81072,36,375.3333333,232.16
New Jersey Institute of Technology,NJIT,green,purple,Public average,NJIT,2023,21211,86690,0,24,84844,48,392.7962963,242.97
New Jersey Institute of Technology,NJIT,green,purple,Public average,NJIT,2024,22198,88424,0,25,88792,60,411.0740741,254.27
New Jersey Institute of Technology,NJIT,green,purple,Public average,NJIT,2025,23231,90192,0,26,92924,72,430.2037037,266.10
New Jersey Institute of Technology,NJIT,green,purple,Public average,NJIT,2026,24311,91996,0,26,97244,84,450.2037037,278.47
New Jersey Institute of Technology,NJIT,green,purple,Public average,NJIT,2027,25442,93836,0,27,101768,96,471.1481481,291.43
New Jersey Institute of Technology,NJIT,green,purple,Public average,NJIT,2028,26625,95713,0,28,106500,108,493.0555556,304.98
New Jersey Institute of Technology,NJIT,green,purple,Public average,NJIT,2029,27864,97627,0,29,111456,120,516,319.17
New Jersey Institute of Technology,NJIT,green,purple,Public average,NJIT,2030,29160,99579,0,29,116640,132,540,334.02
New Jersey Institute of Technology,NJIT,green,purple,Public average,NJIT,2031,30517,101571,0,30,122068,144,565.1296296,349.56
New Jersey Institute of Technology,NJIT,green,purple,Public average,NJIT,2032,31936,103602,0,31,127744,156,591.4074074,365.82
New Jersey Institute of Technology,NJIT,green,purple,Public average,NJIT,2033,33422,105674,0,32,133688,168,618.9259259,382.84
New Jersey Institute of Technology,NJIT,green,purple,Public average,NJIT,2034,34976,107788,0,32,139904,180,647.7037037,400.64
New Jersey Institute of Technology,NJIT,green,purple,Public average,NJIT,2035,36603,109944,0,33,146412,192,677.8333333,419.28
New Jersey Institute of Technology,NJIT,green,purple,Public average,NJIT,2036,38306,112143,0,34,153224,204,709.3703704,438.78
New Jersey Institute of Technology,NJIT,green,purple,Public average,NJIT,2037,40088,114385,0,35,160352,216,742.3703704,459.20
Rutgers University (All campus average),Rutgers,green,purple,Public average,Rutgers,2019,14974,80088,0,19,60860,n/a,281.7592593,174.28
Rutgers University (All campus average),Rutgers,green,purple,Public average,Rutgers,2020,15814,81690,0,19,63256,12,292.8518519,181.14
Rutgers University (All campus average),Rutgers,green,purple,Public average,Rutgers,2021,16437,83324,0,20,65748,24,304.3888889,188.28
Rutgers University (All campus average),Rutgers,green,purple,Public average,Rutgers,2022,17084,84990,0,20,68336,36,316.3703704,195.69
Rutgers University (All campus average),Rutgers,green,purple,Public average,Rutgers,2023,17757,86690,0,20,71028,48,328.8333333,203.40
Rutgers University (All campus average),Rutgers,green,purple,Public average,Rutgers,2024,18456,88424,0,21,73824,60,341.7777778,211.41
Rutgers University (All campus average),Rutgers,green,purple,Public average,Rutgers,2025,19183,90192,0,21,76732,72,355.2407407,219.74
Rutgers University (All campus average),Rutgers,green,purple,Public average,Rutgers,2026,19939,91996,0,22,79756,84,369.2407407,228.40
Rutgers University (All campus average),Rutgers,green,purple,Public average,Rutgers,2027,20724,93836,0,22,82896,96,383.7777778,237.39
Rutgers University (All campus average),Rutgers,green,purple,Public average,Rutgers,2028,21541,95713,0,23,86164,108,398.9074074,246.75
Rutgers University (All campus average),Rutgers,green,purple,Public average,Rutgers,2029,22389,97627,0,23,89556,120,414.6111111,256.46
Rutgers University (All campus average),Rutgers,green,purple,Public average,Rutgers,2030,23271,99579,0,23,93084,132,430.9444444,266.56
Rutgers University (All campus average),Rutgers,green,purple,Public average,Rutgers,2031,24188,101571,0,24,96752,144,447.9259259,277.07
Rutgers University (All campus average),Rutgers,green,purple,Public average,Rutgers,2032,25140,103602,0,24,100560,156,465.5555556,287.97
Rutgers University (All campus average),Rutgers,green,purple,Public average,Rutgers,2033,26131,105674,0,25,104524,168,483.9074074,299.32
Rutgers University (All campus average),Rutgers,green,purple,Public average,Rutgers,2034,27160,107788,0,25,108640,180,502.962963,311.11
Rutgers University (All campus average),Rutgers,green,purple,Public average,Rutgers,2035,28230,109944,0,26,112920,192,522.7777778,323.37
Rutgers University (All campus average),Rutgers,green,purple,Public average,Rutgers,2036,29341,112143,0,26,117364,204,543.3518519,336.09
Rutgers University (All campus average),Rutgers,green,purple,Public average,Rutgers,2037,30497,114385,0,27,121988,216,564.7592593,349.33
College of New Jersey,TCNJ,green,purple,Public average,TCNJ,2019,16831,80088,0,21,67324,n/a,311.6851852,192.79
College of New Jersey,TCNJ,green,purple,Public average,TCNJ,2020,17542,81690,0,21,70168,12,324.8518519,200.94
College of New Jersey,TCNJ,green,purple,Public average,TCNJ,2021,18282,83324,0,22,73128,24,338.5555556,209.41
College of New Jersey,TCNJ,green,purple,Public average,TCNJ,2022,19054,84990,0,22,76216,36,352.8518519,218.26
College of New Jersey,TCNJ,green,purple,Public average,TCNJ,2023,19859,86690,0,23,79436,48,367.7592593,227.48
College of New Jersey,TCNJ,green,purple,Public average,TCNJ,2024,20697,88424,0,23,82788,60,383.2777778,237.08
College of New Jersey,TCNJ,green,purple,Public average,TCNJ,2025,21571,90192,0,24,86284,72,399.462963,247.09
College of New Jersey,TCNJ,green,purple,Public average,TCNJ,2026,22482,91996,0,24,89928,84,416.3333333,257.52
College of New Jersey,TCNJ,green,purple,Public average,TCNJ,2027,23431,93836,0,25,93724,96,433.9074074,268.39
College of New Jersey,TCNJ,green,purple,Public average,TCNJ,2028,24421,95713,0,26,97684,108,452.2407407,279.73
College of New Jersey,TCNJ,green,purple,Public average,TCNJ,2029,25452,97627,0,26,101808,120,471.3333333,291.54
College of New Jersey,TCNJ,green,purple,Public average,TCNJ,2030,26527,99579,0,27,106108,132,491.2407407,303.86
College of New Jersey,TCNJ,green,purple,Public average,TCNJ,2031,27647,101571,0,27,110588,144,511.9814815,316.69
College of New Jersey,TCNJ,green,purple,Public average,TCNJ,2032,28814,103602,0,28,115256,156,533.5925926,330.06
College of New Jersey,TCNJ,green,purple,Public average,TCNJ,2033,30031,105674,0,28,120124,168,556.1296296,344.00
College of New Jersey,TCNJ,green,purple,Public average,TCNJ,2034,31299,107788,0,29,125196,180,579.6111111,358.52
College of New Jersey,TCNJ,green,purple,Public average,TCNJ,2035,32620,109944,0,30,130480,192,604.0740741,373.65
College of New Jersey,TCNJ,green,purple,Public average,TCNJ,2036,33998,112143,0,30,135992,204,629.5925926,389.44
College of New Jersey,TCNJ,green,purple,Public average,TCNJ,2037,35433,114385,0,31,141732,216,656.1666667,405.87
Kean University,Kean,green,purple,Public average,Kean,2019,12500,80088,0,16,50000,n/a,231.4814815,143.18
Kean University,Kean,green,purple,Public average,Kean,2020,13001,81690,0,16,52004,12,240.7592593,148.92
Kean University,Kean,green,purple,Public average,Kean,2021,13523,83324,0,16,54092,24,250.4259259,154.90
Kean University,Kean,green,purple,Public average,Kean,2022,14066,84990,0,17,56264,36,260.4814815,161.12
Kean University,Kean,green,purple,Public average,Kean,2023,14631,86690,0,17,58524,48,270.9444444,167.59
Kean University,Kean,green,purple,Public average,Kean,2024,15219,88424,0,17,60876,60,281.8333333,174.33
Kean University,Kean,green,purple,Public average,Kean,2025,15830,90192,0,18,63320,72,293.1481481,181.33
Kean University,Kean,green,purple,Public average,Kean,2026,16466,91996,0,18,65864,84,304.9259259,188.61
Kean University,Kean,green,purple,Public average,Kean,2027,17127,93836,0,18,68508,96,317.1666667,196.18
Kean University,Kean,green,purple,Public average,Kean,2028,17814,95713,0,19,71256,108,329.8888889,204.05
Kean University,Kean,green,purple,Public average,Kean,2029,18530,97627,0,19,74120,120,343.1481481,212.26
Kean University,Kean,green,purple,Public average,Kean,2030,19274,99579,0,19,77096,132,356.9259259,220.78
Kean University,Kean,green,purple,Public average,Kean,2031,20048,101571,0,20,80192,144,371.2592593,229.64
Kean University,Kean,green,purple,Public average,Kean,2032,20853,103602,0,20,83412,156,386.1666667,238.86
Kean University,Kean,green,purple,Public average,Kean,2033,21690,105674,0,21,86760,168,401.6666667,248.45
Kean University,Kean,green,purple,Public average,Kean,2034,22561,107788,0,21,90244,180,417.7962963,258.43
Kean University,Kean,green,purple,Public average,Kean,2035,23467,109944,0,21,93868,192,434.5740741,268.81
Kean University,Kean,green,purple,Public average,Kean,2036,24409,112143,0,22,97636,204,452.0185185,279.60
Kean University,Kean,green,purple,Public average,Kean,2037,25389,114385,0,22,101556,216,470.1666667,290.82
Montclair State University,Montclair,green,purple,Public average,Montclair,2019,12966,80088,0,16,51864,n/a,240.1111111,148.52
Montclair State University,Montclair,green,purple,Public average,Montclair,2020,13497,81690,0,17,53988,12,249.9444444,154.60
Montclair State University,Montclair,green,purple,Public average,Montclair,2021,14051,83324,0,17,56204,24,260.2037037,160.95
Montclair State University,Montclair,green,purple,Public average,Montclair,2022,14627,84990,0,17,58508,36,270.8703704,167.55
Montclair State University,Montclair,green,purple,Public average,Montclair,2023,15226,86690,0,18,60904,48,281.962963,174.41
Montclair State University,Montclair,green,purple,Public average,Montclair,2024,15851,88424,0,18,63404,60,293.537037,181.57
Montclair State University,Montclair,green,purple,Public average,Montclair,2025,16500,90192,0,18,66000,72,305.5555556,189.00
Montclair State University,Montclair,green,purple,Public average,Montclair,2026,17177,91996,0,19,68708,84,318.0925926,196.76
Montclair State University,Montclair,green,purple,Public average,Montclair,2027,17881,93836,0,19,71524,96,331.1296296,204.82
Montclair State University,Montclair,green,purple,Public average,Montclair,2028,18614,95713,0,19,74456,108,344.7037037,213.22
Montclair State University,Montclair,green,purple,Public average,Montclair,2029,19377,97627,0,20,77508,120,358.8333333,221.96
Montclair State University,Montclair,green,purple,Public average,Montclair,2030,20172,99579,0,20,80688,132,373.5555556,231.06
Montclair State University,Montclair,green,purple,Public average,Montclair,2031,20999,101571,0,21,83996,144,388.8703704,240.54
Montclair State University,Montclair,green,purple,Public average,Montclair,2032,21860,103602,0,21,87440,156,404.8148148,250.40
Montclair State University,Montclair,green,purple,Public average,Montclair,2033,22756,105674,0,22,91024,168,421.4074074,260.66
Montclair State University,Montclair,green,purple,Public average,Montclair,2034,23689,107788,0,22,94756,180,438.6851852,271.35
Montclair State University,Montclair,green,purple,Public average,Montclair,2035,24660,109944,0,22,98640,192,456.6666667,282.47
Montclair State University,Montclair,green,purple,Public average,Montclair,2036,25671,112143,0,23,102684,204,475.3888889,294.05
Montclair State University,Montclair,green,purple,Public average,Montclair,2037,26723,114385,0,23,106892,216,494.8703704,306.10
New Jersey City University,NJCU,green,purple,Public average,New Jersey City University,2019,12386,80088,0,15,49544,n/a,229.3703704,141.88
New Jersey City University,NJCU,green,purple,Public average,New Jersey City University,2020,13042,81690,0,16,52168,12,241.5185185,149.39
New Jersey City University,NJCU,green,purple,Public average,New Jersey City University,2021,13734,83324,0,16,54936,24,254.3333333,157.32
New Jersey City University,NJCU,green,purple,Public average,New Jersey City University,2022,14462,84990,0,17,57848,36,267.8148148,165.66
New Jersey City University,NJCU,green,purple,Public average,New Jersey City University,2023,15229,86690,0,18,60916,48,282.0185185,174.44
New Jersey City University,NJCU,green,purple,Public average,New Jersey City University,2024,16036,88424,0,18,64144,60,296.962963,183.69
New Jersey City University,NJCU,green,purple,Public average,New Jersey City University,2025,16887,90192,0,19,67548,72,312.7222222,193.44
New Jersey City University,NJCU,green,purple,Public average,New Jersey City University,2026,17782,91996,0,19,71128,84,329.2962963,203.69
New Jersey City University,NJCU,green,purple,Public average,New Jersey City University,2027,18725,93836,0,20,74900,96,346.7592593,214.49
New Jersey City University,NJCU,green,purple,Public average,New Jersey City University,2028,19718,95713,0,21,78872,108,365.1481481,225.86
New Jersey City University,NJCU,green,purple,Public average,New Jersey City University,2029,20763,97627,0,21,83052,120,384.5,237.83
New Jersey City University,NJCU,green,purple,Public average,New Jersey City University,2030,21864,99579,0,22,87456,132,404.8888889,250.45
New Jersey City University,NJCU,green,purple,Public average,New Jersey City University,2031,23023,101571,0,23,92092,144,426.3518519,263.72
New Jersey City University,NJCU,green,purple,Public average,New Jersey City University,2032,24244,103602,0,23,96976,156,448.962963,277.71
New Jersey City University,NJCU,green,purple,Public average,New Jersey City University,2033,25530,105674,0,24,102120,168,472.7777778,292.44
New Jersey City University,NJCU,green,purple,Public average,New Jersey City University,2034,26883,107788,0,25,107532,180,497.8333333,307.94
New Jersey City University,NJCU,green,purple,Public average,New Jersey City University,2035,28309,109944,0,26,113236,192,524.2407407,324.27
New Jersey City University,NJCU,green,purple,Public average,New Jersey City University,2036,29810,112143,0,27,119240,204,552.037037,341.46
New Jersey City University,NJCU,green,purple,Public average,New Jersey City University,2037,31390,114385,0,27,125560,216,581.2962963,359.56
Stockton University,Stockton,green,purple,Public average,Stockton,2019,13940,80088,0,17,55760,n/a,258.1481481,159.68
Stockton University,Stockton,green,purple,Public average,Stockton,2020,14498,81690,0,18,57992,12,268.4814815,166.07
Stockton University,Stockton,green,purple,Public average,Stockton,2021,15079,83324,0,18,60316,24,279.2407407,172.73
Stockton University,Stockton,green,purple,Public average,Stockton,2022,15683,84990,0,18,62732,36,290.4259259,179.64
Stockton University,Stockton,green,purple,Public average,Stockton,2023,16312,86690,0,19,65248,48,302.0740741,186.85
Stockton University,Stockton,green,purple,Public average,Stockton,2024,16965,88424,0,19,67860,60,314.1666667,194.33
Stockton University,Stockton,green,purple,Public average,Stockton,2025,17645,90192,0,20,70580,72,326.7592593,202.12
Stockton University,Stockton,green,purple,Public average,Stockton,2026,18352,91996,0,20,73408,84,339.8518519,210.22
Stockton University,Stockton,green,purple,Public average,Stockton,2027,19087,93836,0,20,76348,96,353.462963,218.64
Stockton University,Stockton,green,purple,Public average,Stockton,2028,19852,95713,0,21,79408,108,367.6296296,227.40
Stockton University,Stockton,green,purple,Public average,Stockton,2029,20647,97627,0,21,82588,120,382.3518519,236.50
Stockton University,Stockton,green,purple,Public average,Stockton,2030,21474,99579,0,22,85896,132,397.6666667,245.98
Stockton University,Stockton,green,purple,Public average,Stockton,2031,22334,101571,0,22,89336,144,413.5925926,255.83
Stockton University,Stockton,green,purple,Public average,Stockton,2032,23229,103602,0,22,92916,156,430.1666667,266.08
Stockton University,Stockton,green,purple,Public average,Stockton,2033,24160,105674,0,23,96640,168,447.4074074,276.75
Stockton University,Stockton,green,purple,Public average,Stockton,2034,25128,107788,0,23,100512,180,465.3333333,287.83
Stockton University,Stockton,green,purple,Public average,Stockton,2035,26134,109944,0,24,104536,192,483.962963,299.36
Stockton University,Stockton,green,purple,Public average,Stockton,2036,27181,112143,0,24,108724,204,503.3518519,311.35
Stockton University,Stockton,green,purple,Public average,Stockton,2037,28270,114385,0,25,113080,216,523.5185185,323.82
Ramapo College,Ramapo,green,purple,Public average,Ramapo,2019,14648,80088,0,18,58592,n/a,271.2592593,167.79
Ramapo College,Ramapo,green,purple,Public average,Ramapo,2020,15240,81690,0,19,60960,12,282.2222222,174.57
Ramapo College,Ramapo,green,purple,Public average,Ramapo,2021,15855,83324,0,19,63420,24,293.6111111,181.61
Ramapo College,Ramapo,green,purple,Public average,Ramapo,2022,16495,84990,0,19,65980,36,305.462963,188.95
Ramapo College,Ramapo,green,purple,Public average,Ramapo,2023,17161,86690,0,20,68644,48,317.7962963,196.57
Ramapo College,Ramapo,green,purple,Public average,Ramapo,2024,17854,88424,0,20,71416,60,330.6296296,204.51
Ramapo College,Ramapo,green,purple,Public average,Ramapo,2025,18575,90192,0,21,74300,72,343.9814815,212.77
Ramapo College,Ramapo,green,purple,Public average,Ramapo,2026,19325,91996,0,21,77300,84,357.8703704,221.36
Ramapo College,Ramapo,green,purple,Public average,Ramapo,2027,20105,93836,0,21,80420,96,372.3148148,230.30
Ramapo College,Ramapo,green,purple,Public average,Ramapo,2028,20916,95713,0,22,83664,108,387.3333333,239.59
Ramapo College,Ramapo,green,purple,Public average,Ramapo,2029,21761,97627,0,22,87044,120,402.9814815,249.27
Ramapo College,Ramapo,green,purple,Public average,Ramapo,2030,22639,99579,0,23,90556,132,419.2407407,259.32
Ramapo College,Ramapo,green,purple,Public average,Ramapo,2031,23553,101571,0,23,94212,144,436.1666667,269.79
Ramapo College,Ramapo,green,purple,Public average,Ramapo,2032,24504,103602,0,24,98016,156,453.7777778,280.69
Ramapo College,Ramapo,green,purple,Public average,Ramapo,2033,25493,105674,0,24,101972,168,472.0925926,292.01
Ramapo College,Ramapo,green,purple,Public average,Ramapo,2034,26523,107788,0,25,106092,180,491.1666667,303.81
Ramapo College,Ramapo,green,purple,Public average,Ramapo,2035,27593,109944,0,25,110372,192,510.9814815,316.07
Ramapo College,Ramapo,green,purple,Public average,Ramapo,2036,28707,112143,0,26,114828,204,531.6111111,328.83
Ramapo College,Ramapo,green,purple,Public average,Ramapo,2037,29866,114385,0,26,119464,216,553.0740741,342.11
Rowan University,Rowan,green,purple,Public average,Rowan,2019,13933,80088,0,17,55732,n/a,258.0185185,159.60
Rowan University,Rowan,green,purple,Public average,Rowan,2020,14463,81690,0,18,57852,12,267.8333333,165.67
Rowan University,Rowan,green,purple,Public average,Rowan,2021,15014,83324,0,18,60056,24,278.037037,171.98
Rowan University,Rowan,green,purple,Public average,Rowan,2022,15586,84990,0,18,62344,36,288.6296296,178.53
Rowan University,Rowan,green,purple,Public average,Rowan,2023,16179,86690,0,19,64716,48,299.6111111,185.33
Rowan University,Rowan,green,purple,Public average,Rowan,2024,16795,88424,0,19,67180,60,311.0185185,192.38
Rowan University,Rowan,green,purple,Public average,Rowan,2025,17434,90192,0,19,69736,72,322.8518519,199.70
Rowan University,Rowan,green,purple,Public average,Rowan,2026,18098,91996,0,20,72392,84,335.1481481,207.31
Rowan University,Rowan,green,purple,Public average,Rowan,2027,18787,93836,0,20,75148,96,347.9074074,215.20
Rowan University,Rowan,green,purple,Public average,Rowan,2028,19502,95713,0,20,78008,108,361.1481481,223.39
Rowan University,Rowan,green,purple,Public average,Rowan,2029,20244,97627,0,21,80976,120,374.8888889,231.89
Rowan University,Rowan,green,purple,Public average,Rowan,2030,21015,99579,0,21,84060,132,389.1666667,240.72
Rowan University,Rowan,green,purple,Public average,Rowan,2031,21815,101571,0,21,87260,144,403.9814815,249.88
Rowan University,Rowan,green,purple,Public average,Rowan,2032,22645,103602,0,22,90580,156,419.3518519,259.39
Rowan University,Rowan,green,purple,Public average,Rowan,2033,23508,105674,0,22,94032,168,435.3333333,269.28
Rowan University,Rowan,green,purple,Public average,Rowan,2034,24402,107788,0,23,97608,180,451.8888889,279.52
Rowan University,Rowan,green,purple,Public average,Rowan,2035,25331,109944,0,23,101324,192,469.0925926,290.16
Rowan University,Rowan,green,purple,Public average,Rowan,2036,26296,112143,0,23,105184,204,486.962963,301.21
Rowan University,Rowan,green,purple,Public average,Rowan,2037,27297,114385,0,24,109188,216,505.5,312.68
William Paterson University,WPU,green,purple,Public average,William Paterson,2019,13220,80088,0,17,52880,n/a,244.8148148,151.43
William Paterson University,WPU,green,purple,Public average,William Paterson,2020,13650,81690,0,17,54600,12,252.7777778,156.36
William Paterson University,WPU,green,purple,Public average,William Paterson,2021,14094,83324,0,17,56376,24,261,161.44
William Paterson University,WPU,green,purple,Public average,William Paterson,2022,14553,84990,0,17,58212,36,269.5,166.70
William Paterson University,WPU,green,purple,Public average,William Paterson,2023,15026,86690,0,17,60104,48,278.2592593,172.12
William Paterson University,WPU,green,purple,Public average,William Paterson,2024,15515,88424,0,18,62060,60,287.3148148,177.72
William Paterson University,WPU,green,purple,Public average,William Paterson,2025,16019,90192,0,18,64076,72,296.6481481,183.49
William Paterson University,WPU,green,purple,Public average,William Paterson,2026,16540,91996,0,18,66160,84,306.2962963,189.46
William Paterson University,WPU,green,purple,Public average,William Paterson,2027,17078,93836,0,18,68312,96,316.2592593,195.62
William Paterson University,WPU,green,purple,Public average,William Paterson,2028,17634,95713,0,18,70536,108,326.5555556,201.99
William Paterson University,WPU,green,purple,Public average,William Paterson,2029,18207,97627,0,19,72828,120,337.1666667,208.56
William Paterson University,WPU,green,purple,Public average,William Paterson,2030,18799,99579,0,19,75196,132,348.1296296,215.34
William Paterson University,WPU,green,purple,Public average,William Paterson,2031,19411,101571,0,19,77644,144,359.462963,222.35
William Paterson University,WPU,green,purple,Public average,William Paterson,2032,20042,103602,0,19,80168,156,371.1481481,229.57
William Paterson University,WPU,green,purple,Public average,William Paterson,2033,20694,105674,0,20,82776,168,383.2222222,237.04
William Paterson University,WPU,green,purple,Public average,William Paterson,2034,21367,107788,0,20,85468,180,395.6851852,244.75
William Paterson University,WPU,green,purple,Public average,William Paterson,2035,22062,109944,0,20,88248,192,408.5555556,252.71
William Paterson University,WPU,green,purple,Public average,William Paterson,2036,22779,112143,0,20,91116,204,421.8333333,260.93
William Paterson University,WPU,green,purple,Public average,William Paterson,2037,23520,114385,0,21,94080,216,435.5555556,269.41
Public School Average,test,purple,red,All schools average,"on average, state schools",2019,14340,80088,0,18,57360,n/a,265.5555556,164.26
Public School Average,test,purple,red,All schools average,"on average, state schools",2020,14931,81690,0,18,59724,12,276.5,171.03
Public School Average,test,purple,red,All schools average,"on average, state schools",2021,15547,83324,0,19,62188,24,287.9074074,178.09
Public School Average,test,purple,red,All schools average,"on average, state schools",2022,16188,84990,0,19,64752,36,299.7777778,185.43
Public School Average,test,purple,red,All schools average,"on average, state schools",2023,16855,86690,0,19,67420,48,312.1296296,193.07
Public School Average,test,purple,red,All schools average,"on average, state schools",2024,17550,88424,0,20,70200,60,325,201.03
Public School Average,test,purple,red,All schools average,"on average, state schools",2025,18274,90192,0,20,73096,72,338.4074074,209.32
Public School Average,test,purple,red,All schools average,"on average, state schools",2026,19028,91996,0,21,76112,84,352.3703704,217.96
Public School Average,test,purple,red,All schools average,"on average, state schools",2027,19812,93836,0,21,79248,96,366.8888889,226.94
Public School Average,test,purple,red,All schools average,"on average, state schools",2028,20629,95713,0,22,82516,108,382.0185185,236.30
Public School Average,test,purple,red,All schools average,"on average, state schools",2029,21480,97627,0,22,85920,120,397.7777778,246.05
Public School Average,test,purple,red,All schools average,"on average, state schools",2030,22366,99579,0,22,89464,132,414.1851852,256.20
Public School Average,test,purple,red,All schools average,"on average, state schools",2031,23288,101571,0,23,93152,144,431.2592593,266.76
Public School Average,test,purple,red,All schools average,"on average, state schools",2032,24248,103602,0,23,96992,156,449.037037,277.75
Public School Average,test,purple,red,All schools average,"on average, state schools",2033,25248,105674,0,24,100992,168,467.5555556,289.21
Public School Average,test,purple,red,All schools average,"on average, state schools",2034,26289,107788,0,24,105156,180,486.8333333,301.13
Public School Average,test,purple,red,All schools average,"on average, state schools",2035,27373,109944,0,25,109492,192,506.9074074,313.55
Public School Average,test,purple,red,All schools average,"on average, state schools",2036,28502,112143,0,25,114008,204,527.8148148,326.48
Public School Average,test,purple,red,All schools average,"on average, state schools",2037,29677,114385,0,26,118708,216,549.5740741,339.94
Bloomfield College,Bloomfield,green,purple,Private school average,Bloomfield College,2019,30975,80088,0,39,123900,n/a,573.6111111,354.81
Bloomfield College,Bloomfield,green,purple,Private school average,Bloomfield College,2020,32745,81690,0,40,130980,12,606.3888889,375.08
Bloomfield College,Bloomfield,green,purple,Private school average,Bloomfield College,2021,34617,83324,0,42,138468,24,641.0555556,396.53
Bloomfield College,Bloomfield,green,purple,Private school average,Bloomfield College,2022,36596,84990,0,43,146384,36,677.7037037,419.20
Bloomfield College,Bloomfield,green,purple,Private school average,Bloomfield College,2023,38688,86690,0,45,154752,48,716.4444444,443.16
Bloomfield College,Bloomfield,green,purple,Private school average,Bloomfield College,2024,40899,88424,0,46,163596,60,757.3888889,468.49
Bloomfield College,Bloomfield,green,purple,Private school average,Bloomfield College,2025,43237,90192,0,48,172948,72,800.6851852,495.27
Bloomfield College,Bloomfield,green,purple,Private school average,Bloomfield College,2026,45709,91996,1,50,182836,84,846.462963,523.58
Bloomfield College,Bloomfield,green,purple,Private school average,Bloomfield College,2027,48322,93836,1,51,193288,96,894.8518519,553.51
Bloomfield College,Bloomfield,green,purple,Private school average,Bloomfield College,2028,51084,95713,1,53,204336,108,946,585.15
Bloomfield College,Bloomfield,green,purple,Private school average,Bloomfield College,2029,54004,97627,1,55,216016,120,1000.074074,618.60
Bloomfield College,Bloomfield,green,purple,Private school average,Bloomfield College,2030,57091,99579,1,57,228364,132,1057.240741,653.96
Bloomfield College,Bloomfield,green,purple,Private school average,Bloomfield College,2031,60354,101571,1,59,241416,144,1117.666667,691.34
Bloomfield College,Bloomfield,green,purple,Private school average,Bloomfield College,2032,63804,103602,1,62,255216,156,1181.555556,730.85
Bloomfield College,Bloomfield,green,purple,Private school average,Bloomfield College,2033,67452,105674,1,64,269808,168,1249.111111,772.64
Bloomfield College,Bloomfield,green,purple,Private school average,Bloomfield College,2034,71307,107788,1,66,285228,180,1320.5,816.80
Bloomfield College,Bloomfield,green,purple,Private school average,Bloomfield College,2035,75383,109944,1,69,301532,192,1395.981481,863.49
Bloomfield College,Bloomfield,green,purple,Private school average,Bloomfield College,2036,79692,112143,1,71,318768,204,1475.777778,912.85
Bloomfield College,Bloomfield,green,purple,Private school average,Bloomfield College,2037,84248,114385,1,74,336992,216,1560.148148,965.03
Caldwell University,Caldwell,green,purple,Private school average,Caldwell College,2019,35653,80088,0,45,142612,n/a,660.2407407,408.39
Caldwell University,Caldwell,green,purple,Private school average,Caldwell College,2020,37440,81690,0,46,149760,12,693.3333333,428.86
Caldwell University,Caldwell,green,purple,Private school average,Caldwell College,2021,39318,83324,0,47,157272,24,728.1111111,450.38
Caldwell University,Caldwell,green,purple,Private school average,Caldwell College,2022,41290,84990,0,49,165160,36,764.6296296,472.96
Caldwell University,Caldwell,green,purple,Private school average,Caldwell College,2023,43360,86690,1,50,173440,48,802.962963,496.68
Caldwell University,Caldwell,green,purple,Private school average,Caldwell College,2024,45535,88424,1,51,182140,60,843.2407407,521.59
Caldwell University,Caldwell,green,purple,Private school average,Caldwell College,2025,47819,90192,1,53,191276,72,885.537037,547.75
Caldwell University,Caldwell,green,purple,Private school average,Caldwell College,2026,50217,91996,1,55,200868,84,929.9444444,575.22
Caldwell University,Caldwell,green,purple,Private school average,Caldwell College,2027,52735,93836,1,56,210940,96,976.5740741,604.06
Caldwell University,Caldwell,green,purple,Private school average,Caldwell College,2028,55379,95713,1,58,221516,108,1025.537037,634.35
Caldwell University,Caldwell,green,purple,Private school average,Caldwell College,2029,58157,97627,1,60,232628,120,1076.981481,666.17
Caldwell University,Caldwell,green,purple,Private school average,Caldwell College,2030,61073,99579,1,61,244292,132,1130.981481,699.57
Caldwell University,Caldwell,green,purple,Private school average,Caldwell College,2031,64136,101571,1,63,256544,144,1187.703704,734.66
Caldwell University,Caldwell,green,purple,Private school average,Caldwell College,2032,67352,103602,1,65,269408,156,1247.259259,771.50
Caldwell University,Caldwell,green,purple,Private school average,Caldwell College,2033,70730,105674,1,67,282920,168,1309.814815,810.19
Caldwell University,Caldwell,green,purple,Private school average,Caldwell College,2034,74277,107788,1,69,297108,180,1375.5,850.82
Caldwell University,Caldwell,green,purple,Private school average,Caldwell College,2035,78002,109944,1,71,312008,192,1444.481481,893.49
Caldwell University,Caldwell,green,purple,Private school average,Caldwell College,2036,81914,112143,1,73,327656,204,1516.925926,938.30
Caldwell University,Caldwell,green,purple,Private school average,Caldwell College,2037,86021,114385,1,75,344084,216,1592.981481,985.34
Centenary University,Centenary,green,purple,Private school average,Centenary College,2019,33843,80088,0,42,135372,n/a,626.7222222,387.66
Centenary University,Centenary,green,purple,Private school average,Centenary College,2020,35155,81690,0,43,140620,12,651.0185185,402.69
Centenary University,Centenary,green,purple,Private school average,Centenary College,2021,36517,83324,0,44,146068,24,676.2407407,418.29
Centenary University,Centenary,green,purple,Private school average,Centenary College,2022,37933,84990,0,45,151732,36,702.462963,434.51
Centenary University,Centenary,green,purple,Private school average,Centenary College,2023,39403,86690,0,45,157612,48,729.6851852,451.35
Centenary University,Centenary,green,purple,Private school average,Centenary College,2024,40930,88424,0,46,163720,60,757.962963,468.84
Centenary University,Centenary,green,purple,Private school average,Centenary College,2025,42517,90192,0,47,170068,72,787.3518519,487.02
Centenary University,Centenary,green,purple,Private school average,Centenary College,2026,44165,91996,0,48,176660,84,817.8703704,505.90
Centenary University,Centenary,green,purple,Private school average,Centenary College,2027,45877,93836,0,49,183508,96,849.5740741,525.51
Centenary University,Centenary,green,purple,Private school average,Centenary College,2028,47655,95713,1,50,190620,108,882.5,545.87
Centenary University,Centenary,green,purple,Private school average,Centenary College,2029,49502,97627,1,51,198008,120,916.7037037,567.03
Centenary University,Centenary,green,purple,Private school average,Centenary College,2030,51421,99579,1,52,205684,132,952.2407407,589.01
Centenary University,Centenary,green,purple,Private school average,Centenary College,2031,53414,101571,1,53,213656,144,989.1481481,611.84
Centenary University,Centenary,green,purple,Private school average,Centenary College,2032,55484,103602,1,54,221936,156,1027.481481,635.55
Centenary University,Centenary,green,purple,Private school average,Centenary College,2033,57635,105674,1,55,230540,168,1067.314815,660.19
Centenary University,Centenary,green,purple,Private school average,Centenary College,2034,59869,107788,1,56,239476,180,1108.685185,685.78
Centenary University,Centenary,green,purple,Private school average,Centenary College,2035,62190,109944,1,57,248760,192,1151.666667,712.37
Centenary University,Centenary,green,purple,Private school average,Centenary College,2036,64600,112143,1,58,258400,204,1196.296296,739.97
Centenary University,Centenary,green,purple,Private school average,Centenary College,2037,67104,114385,1,59,268416,216,1242.666667,768.66
Drew University,Drew,green,purple,Private school average,Drew,2019,51062,80088,1,64,204248,n/a,945.5925926,584.90
Drew University,Drew,green,purple,Private school average,Drew,2020,53029,81690,1,65,212116,12,982.0185185,607.43
Drew University,Drew,green,purple,Private school average,Drew,2021,55071,83324,1,66,220284,24,1019.833333,630.82
Drew University,Drew,green,purple,Private school average,Drew,2022,57192,84990,1,67,228768,36,1059.111111,655.12
Drew University,Drew,green,purple,Private school average,Drew,2023,59395,86690,1,69,237580,48,1099.907407,680.35
Drew University,Drew,green,purple,Private school average,Drew,2024,61683,88424,1,70,246732,60,1142.277778,706.56
Drew University,Drew,green,purple,Private school average,Drew,2025,64059,90192,1,71,256236,72,1186.277778,733.78
Drew University,Drew,green,purple,Private school average,Drew,2026,66526,91996,1,72,266104,84,1231.962963,762.03
Drew University,Drew,green,purple,Private school average,Drew,2027,69089,93836,1,74,276356,96,1279.425926,791.39
Drew University,Drew,green,purple,Private school average,Drew,2028,71750,95713,1,75,287000,108,1328.703704,821.87
Drew University,Drew,green,purple,Private school average,Drew,2029,74513,97627,1,76,298052,120,1379.87037,853.52
Drew University,Drew,green,purple,Private school average,Drew,2030,77383,99579,1,78,309532,132,1433.018519,886.40
Drew University,Drew,green,purple,Private school average,Drew,2031,80364,101571,1,79,321456,144,1488.222222,920.54
Drew University,Drew,green,purple,Private school average,Drew,2032,83459,103602,1,81,333836,156,1545.537037,956.00
Drew University,Drew,green,purple,Private school average,Drew,2033,86674,105674,1,82,346696,168,1605.074074,992.82
Drew University,Drew,green,purple,Private school average,Drew,2034,90012,107788,1,84,360048,180,1666.888889,1031.06
Drew University,Drew,green,purple,Private school average,Drew,2035,93479,109944,1,85,373916,192,1731.092593,1070.77
Drew University,Drew,green,purple,Private school average,Drew,2036,97080,112143,1,87,388320,204,1797.777778,1112.02
Drew University,Drew,green,purple,Private school average,Drew,2037,100819,114385,1,88,403276,216,1867.018519,1154.85
Fairleigh Dickinson University,FDU,green,purple,Private school average,FDU,2019,43724,80088,1,55,174896,n/a,809.7037037,500.84
Fairleigh Dickinson University,FDU,green,purple,Private school average,FDU,2020,45759,81690,1,56,183036,12,847.3888889,524.16
Fairleigh Dickinson University,FDU,green,purple,Private school average,FDU,2021,47889,83324,1,57,191556,24,886.8333333,548.55
Fairleigh Dickinson University,FDU,green,purple,Private school average,FDU,2022,50117,84990,1,59,200468,36,928.0925926,574.07
Fairleigh Dickinson University,FDU,green,purple,Private school average,FDU,2023,52450,86690,1,61,209800,48,971.2962963,600.80
Fairleigh Dickinson University,FDU,green,purple,Private school average,FDU,2024,54891,88424,1,62,219564,60,1016.5,628.76
Fairleigh Dickinson University,FDU,green,purple,Private school average,FDU,2025,57445,90192,1,64,229780,72,1063.796296,658.01
Fairleigh Dickinson University,FDU,green,purple,Private school average,FDU,2026,60119,91996,1,65,240476,84,1113.314815,688.64
Fairleigh Dickinson University,FDU,green,purple,Private school average,FDU,2027,62916,93836,1,67,251664,96,1165.111111,720.68
Fairleigh Dickinson University,FDU,green,purple,Private school average,FDU,2028,65844,95713,1,69,263376,108,1219.333333,754.22
Fairleigh Dickinson University,FDU,green,purple,Private school average,FDU,2029,68909,97627,1,71,275636,120,1276.092593,789.33
Fairleigh Dickinson University,FDU,green,purple,Private school average,FDU,2030,72116,99579,1,72,288464,132,1335.481481,826.07
Fairleigh Dickinson University,FDU,green,purple,Private school average,FDU,2031,75472,101571,1,74,301888,144,1397.62963,864.51
Fairleigh Dickinson University,FDU,green,purple,Private school average,FDU,2032,78984,103602,1,76,315936,156,1462.666667,904.74
Fairleigh Dickinson University,FDU,green,purple,Private school average,FDU,2033,82660,105674,1,78,330640,168,1530.740741,946.84
Fairleigh Dickinson University,FDU,green,purple,Private school average,FDU,2034,86507,107788,1,80,346028,180,1601.981481,990.91
Fairleigh Dickinson University,FDU,green,purple,Private school average,FDU,2035,90532,109944,1,82,362128,192,1676.518519,1037.02
Fairleigh Dickinson University,FDU,green,purple,Private school average,FDU,2036,94746,112143,1,84,378984,204,1754.555556,1085.29
Fairleigh Dickinson University,FDU,green,purple,Private school average,FDU,2037,99155,114385,1,87,396620,216,1836.203704,1135.79
Felician University,Felician,green,purple,Private school average,Felician College,2019,35285,80088,0,44,141140,n/a,653.4259259,404.18
Felician University,Felician,green,purple,Private school average,Felician College,2020,36999,81690,0,45,147996,12,685.1666667,423.81
Felician University,Felician,green,purple,Private school average,Felician College,2021,38796,83324,0,47,155184,24,718.4444444,444.40
Felician University,Felician,green,purple,Private school average,Felician College,2022,40681,84990,0,48,162724,36,753.3518519,465.99
Felician University,Felician,green,purple,Private school average,Felician College,2023,42657,86690,0,49,170628,48,789.9444444,488.62
Felician University,Felician,green,purple,Private school average,Felician College,2024,44729,88424,1,51,178916,60,828.3148148,512.36
Felician University,Felician,green,purple,Private school average,Felician College,2025,46902,90192,1,52,187608,72,868.5555556,537.25
Felician University,Felician,green,purple,Private school average,Felician College,2026,49181,91996,1,53,196724,84,910.7592593,563.35
Felician University,Felician,green,purple,Private school average,Felician College,2027,51570,93836,1,55,206280,96,955,590.72
Felician University,Felician,green,purple,Private school average,Felician College,2028,54075,95713,1,56,216300,108,1001.388889,619.41
Felician University,Felician,green,purple,Private school average,Felician College,2029,56702,97627,1,58,226808,120,1050.037037,649.50
Felician University,Felician,green,purple,Private school average,Felician College,2030,59457,99579,1,60,237828,132,1101.055556,681.06
Felician University,Felician,green,purple,Private school average,Felician College,2031,62345,101571,1,61,249380,144,1154.537037,714.14
Felician University,Felician,green,purple,Private school average,Felician College,2032,65374,103602,1,63,261496,156,1210.62963,748.84
Felician University,Felician,green,purple,Private school average,Felician College,2033,68550,105674,1,65,274200,168,1269.444444,785.22
Felician University,Felician,green,purple,Private school average,Felician College,2034,71880,107788,1,67,287520,180,1331.111111,823.36
Felician University,Felician,green,purple,Private school average,Felician College,2035,75372,109944,1,69,301488,192,1395.777778,863.36
Felician University,Felician,green,purple,Private school average,Felician College,2036,79033,112143,1,70,316132,204,1463.574074,905.30
Felician University,Felician,green,purple,Private school average,Felician College,2037,82873,114385,1,72,331492,216,1534.685185,949.28
Georgian Court University,GCC,green,purple,Private school average,Georgian Court,2019,33714,80088,0,42,134856,n/a,624.3333333,386.18
Georgian Court University,GCC,green,purple,Private school average,Georgian Court,2020,35233,81690,0,43,140932,12,652.462963,403.58
Georgian Court University,GCC,green,purple,Private school average,Georgian Court,2021,36820,83324,0,44,147280,24,681.8518519,421.76
Georgian Court University,GCC,green,purple,Private school average,Georgian Court,2022,38479,84990,0,45,153916,36,712.5740741,440.76
Georgian Court University,GCC,green,purple,Private school average,Georgian Court,2023,40213,86690,0,46,160852,48,744.6851852,460.63
Georgian Court University,GCC,green,purple,Private school average,Georgian Court,2024,42025,88424,0,48,168100,60,778.2407407,481.38
Georgian Court University,GCC,green,purple,Private school average,Georgian Court,2025,43918,90192,0,49,175672,72,813.2962963,503.07
Georgian Court University,GCC,green,purple,Private school average,Georgian Court,2026,45897,91996,1,50,183588,84,849.9444444,525.74
Georgian Court University,GCC,green,purple,Private school average,Georgian Court,2027,47965,93836,1,51,191860,96,888.2407407,549.42
Georgian Court University,GCC,green,purple,Private school average,Georgian Court,2028,50126,95713,1,52,200504,108,928.2592593,574.18
Georgian Court University,GCC,green,purple,Private school average,Georgian Court,2029,52385,97627,1,54,209540,120,970.0925926,600.05
Georgian Court University,GCC,green,purple,Private school average,Georgian Court,2030,54745,99579,1,55,218980,132,1013.796296,627.09
Georgian Court University,GCC,green,purple,Private school average,Georgian Court,2031,57212,101571,1,56,228848,144,1059.481481,655.35
Georgian Court University,GCC,green,purple,Private school average,Georgian Court,2032,59790,103602,1,58,239160,156,1107.222222,684.88
Georgian Court University,GCC,green,purple,Private school average,Georgian Court,2033,62484,105674,1,59,249936,168,1157.111111,715.73
Georgian Court University,GCC,green,purple,Private school average,Georgian Court,2034,65299,107788,1,61,261196,180,1209.240741,747.98
Georgian Court University,GCC,green,purple,Private school average,Georgian Court,2035,68241,109944,1,62,272964,192,1263.722222,781.68
Georgian Court University,GCC,green,purple,Private school average,Georgian Court,2036,71316,112143,1,64,285264,204,1320.666667,816.90
Georgian Court University,GCC,green,purple,Private school average,Georgian Court,2037,74529,114385,1,65,298116,216,1380.166667,853.71
Monmouth University,Monmouth,green,purple,Private school average,Monmouth,2019,38534,80088,0,48,154136,n/a,713.5925926,441.39
Monmouth University,Monmouth,green,purple,Private school average,Monmouth,2020,40424,81690,0,49,161696,12,748.5925926,463.04
Monmouth University,Monmouth,green,purple,Private school average,Monmouth,2021,42407,83324,1,51,169628,24,785.3148148,485.76
Monmouth University,Monmouth,green,purple,Private school average,Monmouth,2022,44487,84990,1,52,177948,36,823.8333333,509.58
Monmouth University,Monmouth,green,purple,Private school average,Monmouth,2023,46669,86690,1,54,186676,48,864.2407407,534.58
Monmouth University,Monmouth,green,purple,Private school average,Monmouth,2024,48958,88424,1,55,195832,60,906.6296296,560.80
Monmouth University,Monmouth,green,purple,Private school average,Monmouth,2025,51360,90192,1,57,205440,72,951.1111111,588.31
Monmouth University,Monmouth,green,purple,Private school average,Monmouth,2026,53879,91996,1,59,215516,84,997.7592593,617.17
Monmouth University,Monmouth,green,purple,Private school average,Monmouth,2027,56522,93836,1,60,226088,96,1046.703704,647.44
Monmouth University,Monmouth,green,purple,Private school average,Monmouth,2028,59294,95713,1,62,237176,108,1098.037037,679.19
Monmouth University,Monmouth,green,purple,Private school average,Monmouth,2029,62203,97627,1,64,248812,120,1151.907407,712.52
Monmouth University,Monmouth,green,purple,Private school average,Monmouth,2030,65254,99579,1,66,261016,132,1208.407407,747.46
Monmouth University,Monmouth,green,purple,Private school average,Monmouth,2031,68455,101571,1,67,273820,144,1267.685185,784.13
Monmouth University,Monmouth,green,purple,Private school average,Monmouth,2032,71813,103602,1,69,287252,156,1329.87037,822.60
Monmouth University,Monmouth,green,purple,Private school average,Monmouth,2033,75335,105674,1,71,301340,168,1395.092593,862.94
Monmouth University,Monmouth,green,purple,Private school average,Monmouth,2034,79030,107788,1,73,316120,180,1463.518519,905.26
Monmouth University,Monmouth,green,purple,Private school average,Monmouth,2035,82907,109944,1,75,331628,192,1535.314815,949.67
Monmouth University,Monmouth,green,purple,Private school average,Monmouth,2036,86974,112143,1,78,347896,204,1610.62963,996.26
Monmouth University,Monmouth,green,purple,Private school average,Monmouth,2037,91240,114385,1,80,364960,216,1689.62963,1045.13
Princeton University,Princeton,green,purple,Private school average,Princeton,2019,48953,80088,1,61,195812,n/a,906.537037,560.74
Princeton University,Princeton,green,purple,Private school average,Princeton,2020,50654,81690,1,62,202616,12,938.037037,580.23
Princeton University,Princeton,green,purple,Private school average,Princeton,2021,52413,83324,1,63,209652,24,970.6111111,600.37
Princeton University,Princeton,green,purple,Private school average,Princeton,2022,54234,84990,1,64,216936,36,1004.333333,621.23
Princeton University,Princeton,green,purple,Private school average,Princeton,2023,56117,86690,1,65,224468,48,1039.203704,642.80
Princeton University,Princeton,green,purple,Private school average,Princeton,2024,58066,88424,1,66,232264,60,1075.296296,665.13
Princeton University,Princeton,green,purple,Private school average,Princeton,2025,60083,90192,1,67,240332,72,1112.648148,688.23
Princeton University,Princeton,green,purple,Private school average,Princeton,2026,62170,91996,1,68,248680,84,1151.296296,712.14
Princeton University,Princeton,green,purple,Private school average,Princeton,2027,64330,93836,1,69,257320,96,1191.296296,736.88
Princeton University,Princeton,green,purple,Private school average,Princeton,2028,66564,95713,1,70,266256,108,1232.666667,762.47
Princeton University,Princeton,green,purple,Private school average,Princeton,2029,68876,97627,1,71,275504,120,1275.481481,788.95
Princeton University,Princeton,green,purple,Private school average,Princeton,2030,71268,99579,1,72,285072,132,1319.777778,816.35
Princeton University,Princeton,green,purple,Private school average,Princeton,2031,73744,101571,1,73,294976,144,1365.62963,844.71
Princeton University,Princeton,green,purple,Private school average,Princeton,2032,76305,103602,1,74,305220,156,1413.055556,874.05
Princeton University,Princeton,green,purple,Private school average,Princeton,2033,78956,105674,1,75,315824,168,1462.148148,904.42
Princeton University,Princeton,green,purple,Private school average,Princeton,2034,81698,107788,1,76,326792,180,1512.925926,935.83
Princeton University,Princeton,green,purple,Private school average,Princeton,2035,84536,109944,1,77,338144,192,1565.481481,968.33
Princeton University,Princeton,green,purple,Private school average,Princeton,2036,87472,112143,1,78,349888,204,1619.851852,1001.96
Princeton University,Princeton,green,purple,Private school average,Princeton,2037,90510,114385,1,79,362040,216,1676.111111,1036.76
Rider University,Rider,green,purple,Private school average,Rider,2019,43304,80088,1,54,173216,n/a,801.9259259,496.03
Rider University,Rider,green,purple,Private school average,Rider,2020,45394,81690,1,56,181576,12,840.6296296,519.97
Rider University,Rider,green,purple,Private school average,Rider,2021,47585,83324,1,57,190340,24,881.2037037,545.07
Rider University,Rider,green,purple,Private school average,Rider,2022,49882,84990,1,59,199528,36,923.7407407,571.38
Rider University,Rider,green,purple,Private school average,Rider,2023,52289,86690,1,60,209156,48,968.3148148,598.95
Rider University,Rider,green,purple,Private school average,Rider,2024,54813,88424,1,62,219252,60,1015.055556,627.87
Rider University,Rider,green,purple,Private school average,Rider,2025,57459,90192,1,64,229836,72,1064.055556,658.17
Rider University,Rider,green,purple,Private school average,Rider,2026,60232,91996,1,65,240928,84,1115.407407,689.94
Rider University,Rider,green,purple,Private school average,Rider,2027,63139,93836,1,67,252556,96,1169.240741,723.24
Rider University,Rider,green,purple,Private school average,Rider,2028,66186,95713,1,69,264744,108,1225.666667,758.14
Rider University,Rider,green,purple,Private school average,Rider,2029,69381,97627,1,71,277524,120,1284.833333,794.74
Rider University,Rider,green,purple,Private school average,Rider,2030,72730,99579,1,73,290920,132,1346.851852,833.10
Rider University,Rider,green,purple,Private school average,Rider,2031,76240,101571,1,75,304960,144,1411.851852,873.31
Rider University,Rider,green,purple,Private school average,Rider,2032,79920,103602,1,77,319680,156,1480,915.46
Rider University,Rider,green,purple,Private school average,Rider,2033,83777,105674,1,79,335108,168,1551.425926,959.64
Rider University,Rider,green,purple,Private school average,Rider,2034,87821,107788,1,81,351284,180,1626.314815,1005.96
Rider University,Rider,green,purple,Private school average,Rider,2035,92059,109944,1,84,368236,192,1704.796296,1054.51
Rider University,Rider,green,purple,Private school average,Rider,2036,96503,112143,1,86,386012,204,1787.092593,1105.41
Rider University,Rider,green,purple,Private school average,Rider,2037,101160,114385,1,88,404640,216,1873.333333,1158.76
College of St. Elizabeth,steliz,green,purple,Private school average,St. Elizabeth,2019,34347,80088,0,43,137388,n/a,636.0555556,393.43
College of St. Elizabeth,steliz,green,purple,Private school average,St. Elizabeth,2020,35868,81690,0,44,143472,12,664.2222222,410.86
College of St. Elizabeth,steliz,green,purple,Private school average,St. Elizabeth,2021,37456,83324,0,45,149824,24,693.6296296,429.05
College of St. Elizabeth,steliz,green,purple,Private school average,St. Elizabeth,2022,39115,84990,0,46,156460,36,724.3518519,448.05
College of St. Elizabeth,steliz,green,purple,Private school average,St. Elizabeth,2023,40847,86690,0,47,163388,48,756.4259259,467.89
College of St. Elizabeth,steliz,green,purple,Private school average,St. Elizabeth,2024,42656,88424,0,48,170624,60,789.9259259,488.61
College of St. Elizabeth,steliz,green,purple,Private school average,St. Elizabeth,2025,44545,90192,0,49,178180,72,824.9074074,510.25
College of St. Elizabeth,steliz,green,purple,Private school average,St. Elizabeth,2026,46518,91996,1,51,186072,84,861.4444444,532.85
College of St. Elizabeth,steliz,green,purple,Private school average,St. Elizabeth,2027,48578,93836,1,52,194312,96,899.5925926,556.45
College of St. Elizabeth,steliz,green,purple,Private school average,St. Elizabeth,2028,50729,95713,1,53,202916,108,939.4259259,581.08
College of St. Elizabeth,steliz,green,purple,Private school average,St. Elizabeth,2029,52976,97627,1,54,211904,120,981.037037,606.82
College of St. Elizabeth,steliz,green,purple,Private school average,St. Elizabeth,2030,55322,99579,1,56,221288,132,1024.481481,633.70
College of St. Elizabeth,steliz,green,purple,Private school average,St. Elizabeth,2031,57772,101571,1,57,231088,144,1069.851852,661.76
College of St. Elizabeth,steliz,green,purple,Private school average,St. Elizabeth,2032,60330,103602,1,58,241320,156,1117.222222,691.06
College of St. Elizabeth,steliz,green,purple,Private school average,St. Elizabeth,2033,63002,105674,1,60,252008,168,1166.703704,721.67
College of St. Elizabeth,steliz,green,purple,Private school average,St. Elizabeth,2034,65792,107788,1,61,263168,180,1218.37037,753.63
College of St. Elizabeth,steliz,green,purple,Private school average,St. Elizabeth,2035,68706,109944,1,62,274824,192,1272.333333,787.01
College of St. Elizabeth,steliz,green,purple,Private school average,St. Elizabeth,2036,71748,112143,1,64,286992,204,1328.666667,821.85
College of St. Elizabeth,steliz,green,purple,Private school average,St. Elizabeth,2037,74926,114385,1,66,299704,216,1387.518519,858.25
St. Peter's University,stpete,green,purple,Private school average,St. Peter's,2019,37677,80088,0,47,150708,n/a,697.7222222,431.58
St. Peter's University,stpete,green,purple,Private school average,St. Peter's,2020,39387,81690,0,48,157548,12,729.3888889,451.17
St. Peter's University,stpete,green,purple,Private school average,St. Peter's,2021,41174,83324,0,49,164696,24,762.4814815,471.64
St. Peter's University,stpete,green,purple,Private school average,St. Peter's,2022,43042,84990,1,51,172168,36,797.0740741,493.03
St. Peter's University,stpete,green,purple,Private school average,St. Peter's,2023,44994,86690,1,52,179976,48,833.2222222,515.39
St. Peter's University,stpete,green,purple,Private school average,St. Peter's,2024,47036,88424,1,53,188144,60,871.037037,538.78
St. Peter's University,stpete,green,purple,Private school average,St. Peter's,2025,49170,90192,1,55,196680,72,910.5555556,563.23
St. Peter's University,stpete,green,purple,Private school average,St. Peter's,2026,51400,91996,1,56,205600,84,951.8518519,588.77
St. Peter's University,stpete,green,purple,Private school average,St. Peter's,2027,53732,93836,1,57,214928,96,995.037037,615.48
St. Peter's University,stpete,green,purple,Private school average,St. Peter's,2028,56170,95713,1,59,224680,108,1040.185185,643.41
St. Peter's University,stpete,green,purple,Private school average,St. Peter's,2029,58718,97627,1,60,234872,120,1087.37037,672.60
St. Peter's University,stpete,green,purple,Private school average,St. Peter's,2030,61383,99579,1,62,245532,132,1136.722222,703.12
St. Peter's University,stpete,green,purple,Private school average,St. Peter's,2031,64167,101571,1,63,256668,144,1188.277778,735.01
St. Peter's University,stpete,green,purple,Private school average,St. Peter's,2032,67079,103602,1,65,268316,156,1242.203704,768.37
St. Peter's University,stpete,green,purple,Private school average,St. Peter's,2033,70122,105674,1,66,280488,168,1298.555556,803.23
St. Peter's University,stpete,green,purple,Private school average,St. Peter's,2034,73303,107788,1,68,293212,180,1357.462963,839.66
St. Peter's University,stpete,green,purple,Private school average,St. Peter's,2035,76629,109944,1,70,306516,192,1419.055556,877.76
St. Peter's University,stpete,green,purple,Private school average,St. Peter's,2036,80106,112143,1,71,320424,204,1483.444444,917.59
St. Peter's University,stpete,green,purple,Private school average,St. Peter's,2037,83740,114385,1,73,334960,216,1550.740741,959.22
Seton Hall University,Seton,green,purple,Private school average,Seton Hall,2019,42498,80088,1,53,169992,n/a,787,486.80
Seton Hall University,Seton,green,purple,Private school average,Seton Hall,2020,44498,81690,1,54,177992,12,824.037037,509.71
Seton Hall University,Seton,green,purple,Private school average,Seton Hall,2021,46592,83324,1,56,186368,24,862.8148148,533.70
Seton Hall University,Seton,green,purple,Private school average,Seton Hall,2022,48785,84990,1,57,195140,36,903.4259259,558.82
Seton Hall University,Seton,green,purple,Private school average,Seton Hall,2023,51081,86690,1,59,204324,48,945.9444444,585.12
Seton Hall University,Seton,green,purple,Private school average,Seton Hall,2024,53484,88424,1,60,213936,60,990.4444444,612.64
Seton Hall University,Seton,green,purple,Private school average,Seton Hall,2025,56001,90192,1,62,224004,72,1037.055556,641.47
Seton Hall University,Seton,green,purple,Private school average,Seton Hall,2026,58637,91996,1,64,234548,84,1085.87037,671.67
Seton Hall University,Seton,green,purple,Private school average,Seton Hall,2027,61396,93836,1,65,245584,96,1136.962963,703.27
Seton Hall University,Seton,green,purple,Private school average,Seton Hall,2028,64286,95713,1,67,257144,108,1190.481481,736.38
Seton Hall University,Seton,green,purple,Private school average,Seton Hall,2029,67311,97627,1,69,269244,120,1246.5,771.03
Seton Hall University,Seton,green,purple,Private school average,Seton Hall,2030,70479,99579,1,71,281916,132,1305.166667,807.31
Seton Hall University,Seton,green,purple,Private school average,Seton Hall,2031,73795,101571,1,73,295180,144,1366.574074,845.30
Seton Hall University,Seton,green,purple,Private school average,Seton Hall,2032,77268,103602,1,75,309072,156,1430.888889,885.08
Seton Hall University,Seton,green,purple,Private school average,Seton Hall,2033,80904,105674,1,77,323616,168,1498.222222,926.73
Seton Hall University,Seton,green,purple,Private school average,Seton Hall,2034,84712,107788,1,79,338848,180,1568.740741,970.35
Seton Hall University,Seton,green,purple,Private school average,Seton Hall,2035,88698,109944,1,81,354792,192,1642.555556,1016.01
Seton Hall University,Seton,green,purple,Private school average,Seton Hall,2036,92872,112143,1,83,371488,204,1719.851852,1063.82
Seton Hall University,Seton,green,purple,Private school average,Seton Hall,2037,97243,114385,1,85,388972,216,1800.796296,1113.89
Stevens Institute of Technology,Stevens,green,purple,Private school average,Stevens Institute,2019,52598,80088,1,66,210392,n/a,974.037037,602.49
Stevens Institute of Technology,Stevens,green,purple,Private school average,Stevens Institute,2020,54724,81690,1,67,218896,12,1013.407407,626.85
Stevens Institute of Technology,Stevens,green,purple,Private school average,Stevens Institute,2021,56937,83324,1,68,227748,24,1054.388889,652.20
Stevens Institute of Technology,Stevens,green,purple,Private school average,Stevens Institute,2022,59239,84990,1,70,236956,36,1097.018519,678.56
Stevens Institute of Technology,Stevens,green,purple,Private school average,Stevens Institute,2023,61634,86690,1,71,246536,48,1141.37037,706.00
Stevens Institute of Technology,Stevens,green,purple,Private school average,Stevens Institute,2024,64126,88424,1,73,256504,60,1187.518519,734.54
Stevens Institute of Technology,Stevens,green,purple,Private school average,Stevens Institute,2025,66718,90192,1,74,266872,72,1235.518519,764.23
Stevens Institute of Technology,Stevens,green,purple,Private school average,Stevens Institute,2026,69416,91996,1,75,277664,84,1285.481481,795.14
Stevens Institute of Technology,Stevens,green,purple,Private school average,Stevens Institute,2027,72222,93836,1,77,288888,96,1337.444444,827.28
Stevens Institute of Technology,Stevens,green,purple,Private school average,Stevens Institute,2028,75142,95713,1,79,300568,108,1391.518519,860.73
Stevens Institute of Technology,Stevens,green,purple,Private school average,Stevens Institute,2029,78180,97627,1,80,312720,120,1447.777778,895.53
Stevens Institute of Technology,Stevens,green,purple,Private school average,Stevens Institute,2030,81341,99579,1,82,325364,132,1506.314815,931.74
Stevens Institute of Technology,Stevens,green,purple,Private school average,Stevens Institute,2031,84629,101571,1,83,338516,144,1567.203704,969.40
Stevens Institute of Technology,Stevens,green,purple,Private school average,Stevens Institute,2032,88051,103602,1,85,352204,156,1630.574074,1008.60
Stevens Institute of Technology,Stevens,green,purple,Private school average,Stevens Institute,2033,91611,105674,1,87,366444,168,1696.5,1049.38
Stevens Institute of Technology,Stevens,green,purple,Private school average,Stevens Institute,2034,95315,107788,1,88,381260,180,1765.092593,1091.80
Stevens Institute of Technology,Stevens,green,purple,Private school average,Stevens Institute,2035,99168,109944,1,90,396672,192,1836.444444,1135.94
Stevens Institute of Technology,Stevens,green,purple,Private school average,Stevens Institute,2036,103178,112143,1,92,412712,204,1910.703704,1181.87
Stevens Institute of Technology,Stevens,green,purple,Private school average,Stevens Institute,2037,107349,114385,1,94,429396,216,1987.944444,1229.65
Private schools average,test,purple,red,All schools average,"on average, private schools",2019,38995,80088,0,49,155980,n/a,722.1296296,446.68
Private schools average,test,purple,red,All schools average,"on average, private schools",2020,40630,81690,1,50,162520,12,752.4074074,465.40
Private schools average,test,purple,red,All schools average,"on average, private schools",2021,42332,83324,1,51,169328,24,783.9259259,484.90
Private schools average,test,purple,red,All schools average,"on average, private schools",2022,44106,84990,1,52,176424,36,816.7777778,505.22
Private schools average,test,purple,red,All schools average,"on average, private schools",2023,45955,86690,1,53,183820,48,851.0185185,526.40
Private schools average,test,purple,red,All schools average,"on average, private schools",2024,47881,88424,1,54,191524,60,886.6851852,548.46
Private schools average,test,purple,red,All schools average,"on average, private schools",2025,49887,90192,1,55,199548,72,923.8333333,571.44
Private schools average,test,purple,red,All schools average,"on average, private schools",2026,51978,91996,1,56,207912,84,962.5555556,595.39
Private schools average,test,purple,red,All schools average,"on average, private schools",2027,54156,93836,1,58,216624,96,1002.888889,620.34
Private schools average,test,purple,red,All schools average,"on average, private schools",2028,56425,95713,1,59,225700,108,1044.907407,646.33
Private schools average,test,purple,red,All schools average,"on average, private schools",2029,58790,97627,1,60,235160,120,1088.703704,673.42
Private schools average,test,purple,red,All schools average,"on average, private schools",2030,61254,99579,1,62,245016,132,1134.333333,701.65
Private schools average,test,purple,red,All schools average,"on average, private schools",2031,63821,101571,1,63,255284,144,1181.87037,731.05
Private schools average,test,purple,red,All schools average,"on average, private schools",2032,66495,103602,1,64,265980,156,1231.388889,761.68
Private schools average,test,purple,red,All schools average,"on average, private schools",2033,69282,105674,1,66,277128,168,1283,793.60
Private schools average,test,purple,red,All schools average,"on average, private schools",2034,72185,107788,1,67,288740,180,1336.759259,826.86
Private schools average,test,purple,red,All schools average,"on average, private schools",2035,75210,109944,1,68,300840,192,1392.777778,861.51
Private schools average,test,purple,red,All schools average,"on average, private schools",2036,78362,112143,1,70,313448,204,1451.148148,897.61
Private schools average,test,purple,red,All schools average,"on average, private schools",2037,81646,114385,1,71,326584,216,1511.962963,935.23
Total average,test,purple,red,All schools average,"on average, all colleges and universities",2019,29185,80088,0,36,116740,n/a,540.462963,334.31
Total average,test,purple,red,All schools average,"on average, all colleges and universities",2020,30466,81690,0,37,121864,12,564.1851852,348.98
Total average,test,purple,red,All schools average,"on average, all colleges and universities",2021,31804,83324,0,38,127216,24,588.962963,364.30
Total average,test,purple,red,All schools average,"on average, all colleges and universities",2022,33202,84990,0,39,132808,36,614.8518519,380.32
Total average,test,purple,red,All schools average,"on average, all colleges and universities",2023,34661,86690,0,40,138644,48,641.8703704,397.03
Total average,test,purple,red,All schools average,"on average, all colleges and universities",2024,36186,88424,0,41,144744,60,670.1111111,414.50
Total average,test,purple,red,All schools average,"on average, all colleges and universities",2025,37780,90192,0,42,151120,72,699.6296296,432.76
Total average,test,purple,red,All schools average,"on average, all colleges and universities",2026,39444,91996,0,43,157776,84,730.4444444,451.82
Total average,test,purple,red,All schools average,"on average, all colleges and universities",2027,41183,93836,0,44,164732,96,762.6481481,471.74
Total average,test,purple,red,All schools average,"on average, all colleges and universities",2028,42999,95713,0,45,171996,108,796.2777778,492.54
Total average,test,purple,red,All schools average,"on average, all colleges and universities",2029,44897,97627,0,46,179588,120,831.4259259,514.28
Total average,test,purple,red,All schools average,"on average, all colleges and universities",2030,46880,99579,0,47,187520,132,868.1481481,537.00
Total average,test,purple,red,All schools average,"on average, all colleges and universities",2031,48952,101571,0,48,195808,144,906.5185185,560.73
Total average,test,purple,red,All schools average,"on average, all colleges and universities",2032,51116,103602,0,49,204464,156,946.5925926,585.52
Total average,test,purple,red,All schools average,"on average, all colleges and universities",2033,53378,105674,1,51,213512,168,988.4814815,611.43
Total average,test,purple,red,All schools average,"on average, all colleges and universities",2034,55742,107788,1,52,222968,180,1032.259259,638.51
Total average,test,purple,red,All schools average,"on average, all colleges and universities",2035,58211,109944,1,53,232844,192,1077.981481,666.79
Total average,test,purple,red,All schools average,"on average, all colleges and universities",2036,60792,112143,1,54,243168,204,1125.777778,696.35
Total average,test,purple,red,All schools average,"on average, all colleges and universities",2037,63489,114385,1,56,253956,216,1175.722222,727.25